{"courseware": [{"name": "DolphinIsland", "curLoad": "dolphinIsland"}, {"name": "OneClass_MultiOverviewUp_Page1Scene", "curLoad": "OneClass_MultiOverviewUp_page_scene1"}, {"name": "OneClass_MultiOverviewUp_Page2Scene", "curLoad": "OneClass_MultiOverviewUp_page_scene2"}, {"name": "OneClass_MultiOverviewUp_Page3Scene", "curLoad": "OneClass_MultiOverviewUp_page_scene3"}, {"name": "OneClass_MultiOverviewUp_Page4Scene", "curLoad": "OneClass_MultiOverviewUp_page_scene4"}, {"name": "OneClass_MultiOverviewUp_Page5Scene", "curLoad": "OneClass_MultiOverviewUp_page_scene5"}, {"name": "OneClass_MultiOverviewUp_Page6Scene", "curLoad": "OneClass_MultiOverviewUp_page_scene6"}, {"name": "OneClass_MultiOverviewUp_Page7Scene", "curLoad": "OneClass_MultiOverviewUp_page_scene7"}, {"name": "OneClass_MultiOverviewUp_Page8Scene", "curLoad": "OneClass_MultiOverviewUp_page_scene8"}, {"name": "OneClass_MultiOverviewUp_Page9Scene", "curLoad": "OneClass_MultiOverviewUp_page_scene9"}, {"name": "OneClass_MultiOverviewUp_Page10Scene", "curLoad": "OneClass_MultiOverviewUp_page_scene10"}, {"name": "OneClass_MultiOverviewUp_Page11Scene", "curLoad": "OneClass_MultiOverviewUp_page_scene11"}, {"name": "OneClass_MultiOverviewUp_Page12Scene", "curLoad": "OneClass_MultiOverviewUp_page_scene12"}, {"name": "OneClass_MultiOverviewUp_Page13Scene", "curLoad": "OneClass_MultiOverviewUp_page_scene13"}, {"name": "OneClass_MultiOverviewUp_Page14Scene", "curLoad": "OneClass_MultiOverviewUp_page_scene14"}, {"name": "OneClass_MultiOverviewUp_Page15Scene", "curLoad": "OneClass_MultiOverviewUp_page_scene15"}, {"name": "GetStarScene", "curLoad": "complete", "data": {"starName": "star_png", "backIndex": 1}}]}