{
	"groups":[
		{
			"keys":"Moudle_page_scene_bg1_jpg,Moudle_big_page_scene2_json",
			"name":"Moudle_page_scene1"
		},
		{
			"keys":"Moudle_page_scene_bg10_jpg,Moudle_big_page_scene10_json",
			"name":"Moudle_page_scene10"
		},
		{
			"keys":"Moudle_page_scene_bg11_jpg,Moudle_big_page_scene11_json",
			"name":"Moudle_page_scene11"
		},
		{
			"keys":"Moudle_page_scene_bg12_jpg,Moudle_big_page_scene12_json",
			"name":"Moudle_page_scene12"
		},
		{
			"keys":"Moudle_page_scene_bg13_jpg,Moudle_scene13_json",
			"name":"Moudle_page_scene13"
		},
		{
			"keys":"Moudle_page_scene_bg14_jpg,Moudle_big_page_scene14_json",
			"name":"Moudle_page_scene14"
		},
		{
			"keys":"Moudle_page_scene_bg15_jpg,Moudle_big_page_scene15_json",
			"name":"Moudle_page_scene15"
		},
		{
			"keys":"Moudle_page_scene_bg2_jpg,Moudle_big_page_scene2_json",
			"name":"Moudle_page_scene2"
		},
		{
			"keys":"Moudle_page_scene_bg3_jpg,Moudle_big_page_scene3_json",
			"name":"Moudle_page_scene3"
		},
		{
			"keys":"Moudle_page_scene_bg4_jpg,Moudle_big_page_scene4_json",
			"name":"Moudle_page_scene4"
		},
		{
			"keys":"Moudle_page_scene_bg5_jpg,Moudle_scene5_json",
			"name":"Moudle_page_scene5"
		},
		{
			"keys":"Moudle_page_scene_bg6_jpg,Moudle_big_page_scene6_json",
			"name":"Moudle_page_scene6"
		},
		{
			"keys":"Moudle_page_scene_bg7_jpg,Moudle_big_page_scene7_json",
			"name":"Moudle_page_scene7"
		},
		{
			"keys":"Moudle_page_scene_bg8_jpg,Moudle_big_page_scene8_json",
			"name":"Moudle_page_scene8"
		},
		{
			"keys":"Moudle_page_scene_bg9_jpg,Moudle_big_page_scene7_json",
			"name":"Moudle_page_scene9"
		},
		{
			"keys":"center_png,hour_png,Moudle_page_scene_bg16_jpg,sec_png",
			"name":"Moudle_page_scene16"
		}
	],
	"resources":[
		{
			"name":"Moudle_page_scene_bg1_jpg",
			"type":"image",
			"url":"Common_Moudle/assets/Moudle_page_scene1/Moudle_page_scene_bg1.jpg"
		},
		{
			"name":"Moudle_page_scene_bg10_jpg",
			"type":"image",
			"url":"Common_Moudle/assets/Moudle_page_scene10/Moudle_page_scene_bg10.jpg"
		},
		{
			"name":"Moudle_page_scene_bg11_jpg",
			"type":"image",
			"url":"Common_Moudle/assets/Moudle_page_scene11/Moudle_page_scene_bg11.jpg"
		},
		{
			"name":"Moudle_page_scene_bg12_jpg",
			"type":"image",
			"url":"Common_Moudle/assets/Moudle_page_scene12/Moudle_page_scene_bg12.jpg"
		},
		{
			"name":"Moudle_page_scene_bg14_jpg",
			"type":"image",
			"url":"Common_Moudle/assets/Moudle_page_scene14/Moudle_page_scene_bg14.jpg"
		},
		{
			"name":"Moudle_page_scene_bg15_jpg",
			"type":"image",
			"url":"Common_Moudle/assets/Moudle_page_scene15/Moudle_page_scene_bg15.jpg"
		},
		{
			"name":"Moudle_page_scene_bg2_jpg",
			"type":"image",
			"url":"Common_Moudle/assets/Moudle_page_scene2/Moudle_page_scene_bg2.jpg"
		},
		{
			"name":"Moudle_page_scene_bg3_jpg",
			"type":"image",
			"url":"Common_Moudle/assets/Moudle_page_scene3/Moudle_page_scene_bg3.jpg"
		},
		{
			"name":"Moudle_page_scene_bg4_jpg",
			"type":"image",
			"url":"Common_Moudle/assets/Moudle_page_scene4/Moudle_page_scene_bg4.jpg"
		},
		{
			"name":"Moudle_page_scene_bg5_jpg",
			"type":"image",
			"url":"Common_Moudle/assets/Moudle_page_scene5/Moudle_page_scene_bg5.jpg"
		},
		{
			"name":"Moudle_page_scene_bg6_jpg",
			"type":"image",
			"url":"Common_Moudle/assets/Moudle_page_scene6/Moudle_page_scene_bg6.jpg"
		},
		{
			"name":"Moudle_page_scene_bg7_jpg",
			"type":"image",
			"url":"Common_Moudle/assets/Moudle_page_scene7/Moudle_page_scene_bg7.jpg"
		},
		{
			"name":"Moudle_page_scene_bg8_jpg",
			"type":"image",
			"url":"Common_Moudle/assets/Moudle_page_scene8/Moudle_page_scene_bg8.jpg"
		},
		{
			"name":"Moudle_page_scene_bg9_jpg",
			"type":"image",
			"url":"Common_Moudle/assets/Moudle_page_scene9/Moudle_page_scene_bg9.jpg"
		},
		{
			"name":"Moudle_big_page_scene2_json",
			"subkeys":"14_1",
			"type":"sheet",
			"url":"Common_Moudle/assets/Moudle_page_scene2/Moudle_big_page_scene2.json"
		},
		{
			"name":"Moudle_big_page_scene3_json",
			"subkeys":"page_obj_15_1,page_obj_15_2",
			"type":"sheet",
			"url":"Common_Moudle/assets/Moudle_page_scene3/Moudle_big_page_scene3.json"
		},
		{
			"name":"Moudle_big_page_scene6_json",
			"subkeys":"page_obj_2_1",
			"type":"sheet",
			"url":"Common_Moudle/assets/Moudle_page_scene6/Moudle_big_page_scene6.json"
		},
		{
			"name":"Moudle_big_page_scene8_json",
			"subkeys":"8_1,8_2,8_3,8_4,8_5,8_6,8_7,8_8",
			"type":"sheet",
			"url":"Common_Moudle/assets/Moudle_page_scene8/Moudle_big_page_scene8.json"
		},
		{
			"name":"Moudle_big_page_scene10_json",
			"subkeys":"4_1,4_10,4_11,4_12,4_13,4_14,4_2,4_3,4_4,4_5,4_6,4_7,4_8,4_9",
			"type":"sheet",
			"url":"Common_Moudle/assets/Moudle_page_scene10/Moudle_big_page_scene10.json"
		},
		{
			"name":"Moudle_big_page_scene11_json",
			"subkeys":"9_1,9_2,9_3,9_4",
			"type":"sheet",
			"url":"Common_Moudle/assets/Moudle_page_scene11/Moudle_big_page_scene11.json"
		},
		{
			"name":"Moudle_big_page_scene12_json",
			"subkeys":"page_obj_9_1,page_obj_9_2,page_obj_9_3,page_obj_9_4,page_obj_9_5,page_obj_9_6,page_obj_9_7,page_obj_9_8",
			"type":"sheet",
			"url":"Common_Moudle/assets/Moudle_page_scene12/Moudle_big_page_scene12.json"
		},
		{
			"name":"Moudle_big_page_scene14_json",
			"subkeys":"10_01,10_02,10_03,10_04,10_05,10_06,10_07,10_08,10_09,10_10",
			"type":"sheet",
			"url":"Common_Moudle/assets/Moudle_page_scene14/Moudle_big_page_scene14.json"
		},
		{
			"name":"Moudle_big_page_scene4_json",
			"subkeys":"11_1,11_2,11_3,11_4,11_5,11_6,11_7,11_8",
			"type":"sheet",
			"url":"Common_Moudle/assets/Moudle_page_scene4/Moudle_big_page_scene4.json"
		},
		{
			"name":"Moudle_big_page_scene15_json",
			"subkeys":"page_obj_12_1,page_obj_12_2,page_obj_12_3,page_obj_12_4,page_obj_12_5,page_obj_12_6",
			"type":"sheet",
			"url":"Common_Moudle/assets/Moudle_page_scene15/Moudle_big_page_scene15.json"
		},
		{
			"name":"Moudle_big_page_scene7_json",
			"subkeys":"page_obj_3_1,page_obj_3_2,page_obj_3_3,page_obj_3_4",
			"type":"sheet",
			"url":"Common_Moudle/assets/Moudle_page_scene7/Moudle_big_page_scene7.json"
		},
		{
			"name":"Moudle_scene5_json",
			"subkeys":"5_1_png,5_2_png",
			"type":"sheet",
			"url":"Common_Moudle/assets/Moudle_page_scene5/Moudle_scene5.json"
		},
		{
			"name":"Moudle_page_scene_bg13_jpg",
			"type":"image",
			"url":"Common_Moudle/assets/Moudle_page_scene13/Moudle_page_scene_bg13.jpg"
		},
		{
			"name":"Moudle_scene13_json",
			"subkeys":"no_png,yes_png",
			"type":"sheet",
			"url":"Common_Moudle/assets/Moudle_page_scene13/Moudle_scene13.json"
		},
		{
			"name":"center_png",
			"type":"image",
			"url":"Common_Moudle/assets/Moudle_page_scene16/center.png"
		},
		{
			"name":"hour_png",
			"type":"image",
			"url":"Common_Moudle/assets/Moudle_page_scene16/hour.png"
		},
		{
			"name":"Moudle_page_scene_bg16_jpg",
			"type":"image",
			"url":"Common_Moudle/assets/Moudle_page_scene16/Moudle_page_scene_bg16.jpg"
		},
		{
			"name":"sec_png",
			"type":"image",
			"url":"Common_Moudle/assets/Moudle_page_scene16/sec.png"
		}
	]
}