{
  "groups": [
    {
      "name": "OneClass_MultiOverviewUp_page_scene1",
      "keys": "OneClass_MultiOverviewUp_page_scene_bg1_jpg"
    },
    {
      "name": "OneClass_MultiOverviewUp_page_scene10",
      "keys": "OneClass_MultiOverviewUp_big_page_scene10_json,OneClass_MultiOverviewUp_big_page_scene10_png,OneClass_MultiOverviewUp_page_scene_bg10_jpg"
    },
    {
      "name": "OneClass_MultiOverviewUp_page_scene11",
      "keys": "OneClass_MultiOverviewUp_big_page_scene11_json,OneClass_MultiOverviewUp_big_page_scene11_png,OneClass_MultiOverviewUp_page_scene_bg11_jpg"
    },
    {
      "name": "OneClass_MultiOverviewUp_page_scene12",
      "keys": "OneClass_MultiOverviewUp_big_page_scene12_json,OneClass_MultiOverviewUp_big_page_scene12_png,OneClass_MultiOverviewUp_page_scene_bg12_jpg"
    },
    {
      "name": "OneClass_MultiOverviewUp_page_scene13",
      "keys": "OneClass_MultiOverviewUp_big_page_scene13_json,OneClass_MultiOverviewUp_big_page_scene13_png,OneClass_MultiOverviewUp_page_scene_bg13_jpg"
    },
    {
      "name": "OneClass_MultiOverviewUp_page_scene14",
      "keys": "OneClass_MultiOverviewUp_page_scene_bg14_jpg"
    },
    {
      "name": "OneClass_MultiOverviewUp_page_scene15",
      "keys": "OneClass_MultiOverviewUp_page_scene_bg15_jpg"
    },
    {
      "name": "OneClass_MultiOverviewUp_page_scene2",
      "keys": "OneClass_MultiOverviewUp_page_scene_bg2_jpg"
    },
    {
      "name": "OneClass_MultiOverviewUp_page_scene3",
      "keys": "OneClass_MultiOverviewUp_page_scene_bg3_jpg"
    },
    {
      "name": "OneClass_MultiOverviewUp_page_scene4",
      "keys": "OneClass_MultiOverviewUp_big_page_scene4_json,OneClass_MultiOverviewUp_big_page_scene4_png,OneClass_MultiOverviewUp_page_scene_bg4_jpg"
    },
    {
      "name": "OneClass_MultiOverviewUp_page_scene5",
      "keys": "OneClass_MultiOverviewUp_big_page_scene5_json,OneClass_MultiOverviewUp_big_page_scene5_png,OneClass_MultiOverviewUp_page_scene_bg5_jpg"
    },
    {
      "name": "OneClass_MultiOverviewUp_page_scene6",
      "keys": "OneClass_MultiOverviewUp_page_scene_bg6_jpg"
    },
    {
      "name": "OneClass_MultiOverviewUp_page_scene7",
      "keys": "OneClass_MultiOverviewUp_page_scene_bg7_jpg"
    },
    {
      "name": "OneClass_MultiOverviewUp_page_scene8",
      "keys": "OneClass_MultiOverviewUp_page_scene_bg8_jpg"
    },
    {
      "name": "OneClass_MultiOverviewUp_page_scene9",
      "keys": "OneClass_MultiOverviewUp_page_scene_bg9_jpg"
    },
    {
      "name": "OneClass_MultiOverviewUp_preload",
      "keys": "OneClass_MultiOverviewUp_json,OneClass_MultiOverviewUp_Preload_8_1_png,OneClass_MultiOverviewUp_Preload_8_2_png,OneClass_MultiOverviewUp_Preload_OneClass_MultiOverview_16_png"
    }
  ],
  "resources": [
    {
      "url": "OneClass_MultiOverviewUp/assets/OneClass_MultiOverviewUp_page_scene1/OneClass_MultiOverviewUp_page_scene_bg1.jpg",
      "type": "image",
      "name": "OneClass_MultiOverviewUp_page_scene_bg1_jpg"
    },
    {
      "url": "OneClass_MultiOverviewUp/assets/OneClass_MultiOverviewUp_page_scene10/OneClass_MultiOverviewUp_big_page_scene10.json",
      "type": "sheet",
      "name": "OneClass_MultiOverviewUp_big_page_scene10_json",
      "subkeys": "OneClass_MultiOverviewUp_OneClass_MultiOverview_10_1,OneClass_MultiOverviewUp_OneClass_MultiOverview_10_2,OneClass_MultiOverviewUp_OneClass_MultiOverview_10_3,OneClass_MultiOverviewUp_OneClass_MultiOverview_10_4"
    },
    {
      "url": "OneClass_MultiOverviewUp/assets/OneClass_MultiOverviewUp_page_scene10/OneClass_MultiOverviewUp_big_page_scene10.png",
      "type": "image",
      "name": "OneClass_MultiOverviewUp_big_page_scene10_png"
    },
    {
      "url": "OneClass_MultiOverviewUp/assets/OneClass_MultiOverviewUp_page_scene10/OneClass_MultiOverviewUp_page_scene_bg10.jpg",
      "type": "image",
      "name": "OneClass_MultiOverviewUp_page_scene_bg10_jpg"
    },
    {
      "url": "OneClass_MultiOverviewUp/assets/OneClass_MultiOverviewUp_page_scene11/OneClass_MultiOverviewUp_big_page_scene11.json",
      "type": "sheet",
      "name": "OneClass_MultiOverviewUp_big_page_scene11_json",
      "subkeys": "OneClass_MultiOverviewUp_OneClass_MultiOverview_11_1,OneClass_MultiOverviewUp_OneClass_MultiOverview_11_2,OneClass_MultiOverviewUp_OneClass_MultiOverview_11_3,OneClass_MultiOverviewUp_OneClass_MultiOverview_11_4"
    },
    {
      "url": "OneClass_MultiOverviewUp/assets/OneClass_MultiOverviewUp_page_scene11/OneClass_MultiOverviewUp_big_page_scene11.png",
      "type": "image",
      "name": "OneClass_MultiOverviewUp_big_page_scene11_png"
    },
    {
      "url": "OneClass_MultiOverviewUp/assets/OneClass_MultiOverviewUp_page_scene11/OneClass_MultiOverviewUp_page_scene_bg11.jpg",
      "type": "image",
      "name": "OneClass_MultiOverviewUp_page_scene_bg11_jpg"
    },
    {
      "url": "OneClass_MultiOverviewUp/assets/OneClass_MultiOverviewUp_page_scene12/OneClass_MultiOverviewUp_big_page_scene12.json",
      "type": "sheet",
      "name": "OneClass_MultiOverviewUp_big_page_scene12_json",
      "subkeys": "OneClass_MultiOverviewUp_OneClass_MultiOverview_12_1,OneClass_MultiOverviewUp_OneClass_MultiOverview_12_2,OneClass_MultiOverviewUp_OneClass_MultiOverview_12_3,OneClass_MultiOverviewUp_OneClass_MultiOverview_12_4"
    },
    {
      "url": "OneClass_MultiOverviewUp/assets/OneClass_MultiOverviewUp_page_scene12/OneClass_MultiOverviewUp_big_page_scene12.png",
      "type": "image",
      "name": "OneClass_MultiOverviewUp_big_page_scene12_png"
    },
    {
      "url": "OneClass_MultiOverviewUp/assets/OneClass_MultiOverviewUp_page_scene12/OneClass_MultiOverviewUp_page_scene_bg12.jpg",
      "type": "image",
      "name": "OneClass_MultiOverviewUp_page_scene_bg12_jpg"
    },
    {
      "url": "OneClass_MultiOverviewUp/assets/OneClass_MultiOverviewUp_page_scene13/OneClass_MultiOverviewUp_big_page_scene13.json",
      "type": "sheet",
      "name": "OneClass_MultiOverviewUp_big_page_scene13_json",
      "subkeys": "OneClass_MultiOverviewUp_OneClass_MultiOverview_13_1,OneClass_MultiOverviewUp_OneClass_MultiOverview_13_2,OneClass_MultiOverviewUp_OneClass_MultiOverview_13_3"
    },
    {
      "url": "OneClass_MultiOverviewUp/assets/OneClass_MultiOverviewUp_page_scene13/OneClass_MultiOverviewUp_big_page_scene13.png",
      "type": "image",
      "name": "OneClass_MultiOverviewUp_big_page_scene13_png"
    },
    {
      "url": "OneClass_MultiOverviewUp/assets/OneClass_MultiOverviewUp_page_scene13/OneClass_MultiOverviewUp_page_scene_bg13.jpg",
      "type": "image",
      "name": "OneClass_MultiOverviewUp_page_scene_bg13_jpg"
    },
    {
      "url": "OneClass_MultiOverviewUp/assets/OneClass_MultiOverviewUp_page_scene14/OneClass_MultiOverviewUp_page_scene_bg14.jpg",
      "type": "image",
      "name": "OneClass_MultiOverviewUp_page_scene_bg14_jpg"
    },
    {
      "url": "OneClass_MultiOverviewUp/assets/OneClass_MultiOverviewUp_page_scene15/OneClass_MultiOverviewUp_page_scene_bg15.jpg",
      "type": "image",
      "name": "OneClass_MultiOverviewUp_page_scene_bg15_jpg"
    },
    {
      "url": "OneClass_MultiOverviewUp/assets/OneClass_MultiOverviewUp_page_scene2/OneClass_MultiOverviewUp_page_scene_bg2.jpg",
      "type": "image",
      "name": "OneClass_MultiOverviewUp_page_scene_bg2_jpg"
    },
    {
      "url": "OneClass_MultiOverviewUp/assets/OneClass_MultiOverviewUp_page_scene3/OneClass_MultiOverviewUp_page_scene_bg3.jpg",
      "type": "image",
      "name": "OneClass_MultiOverviewUp_page_scene_bg3_jpg"
    },
    {
      "url": "OneClass_MultiOverviewUp/assets/OneClass_MultiOverviewUp_page_scene4/OneClass_MultiOverviewUp_big_page_scene4.json",
      "type": "sheet",
      "name": "OneClass_MultiOverviewUp_big_page_scene4_json",
      "subkeys": "OneClass_MultiOverviewUp_OneClass_MultiOverview_4_1,OneClass_MultiOverviewUp_OneClass_MultiOverview_4_2,OneClass_MultiOverviewUp_OneClass_MultiOverview_4_3,OneClass_MultiOverviewUp_OneClass_MultiOverview_4_4"
    },
    {
      "url": "OneClass_MultiOverviewUp/assets/OneClass_MultiOverviewUp_page_scene4/OneClass_MultiOverviewUp_big_page_scene4.png",
      "type": "image",
      "name": "OneClass_MultiOverviewUp_big_page_scene4_png"
    },
    {
      "url": "OneClass_MultiOverviewUp/assets/OneClass_MultiOverviewUp_page_scene4/OneClass_MultiOverviewUp_page_scene_bg4.jpg",
      "type": "image",
      "name": "OneClass_MultiOverviewUp_page_scene_bg4_jpg"
    },
    {
      "url": "OneClass_MultiOverviewUp/assets/OneClass_MultiOverviewUp_page_scene5/OneClass_MultiOverviewUp_big_page_scene5.json",
      "type": "sheet",
      "name": "OneClass_MultiOverviewUp_big_page_scene5_json",
      "subkeys": "OneClass_MultiOverviewUp_OneClass_MultiOverview_5_1,OneClass_MultiOverviewUp_OneClass_MultiOverview_5_2,OneClass_MultiOverviewUp_OneClass_MultiOverview_5_3"
    },
    {
      "url": "OneClass_MultiOverviewUp/assets/OneClass_MultiOverviewUp_page_scene5/OneClass_MultiOverviewUp_big_page_scene5.png",
      "type": "image",
      "name": "OneClass_MultiOverviewUp_big_page_scene5_png"
    },
    {
      "url": "OneClass_MultiOverviewUp/assets/OneClass_MultiOverviewUp_page_scene5/OneClass_MultiOverviewUp_page_scene_bg5.jpg",
      "type": "image",
      "name": "OneClass_MultiOverviewUp_page_scene_bg5_jpg"
    },
    {
      "url": "OneClass_MultiOverviewUp/assets/OneClass_MultiOverviewUp_page_scene6/OneClass_MultiOverviewUp_page_scene_bg6.jpg",
      "type": "image",
      "name": "OneClass_MultiOverviewUp_page_scene_bg6_jpg"
    },
    {
      "url": "OneClass_MultiOverviewUp/assets/OneClass_MultiOverviewUp_page_scene7/OneClass_MultiOverviewUp_page_scene_bg7.jpg",
      "type": "image",
      "name": "OneClass_MultiOverviewUp_page_scene_bg7_jpg"
    },
    {
      "url": "OneClass_MultiOverviewUp/assets/OneClass_MultiOverviewUp_page_scene8/OneClass_MultiOverviewUp_page_scene_bg8.jpg",
      "type": "image",
      "name": "OneClass_MultiOverviewUp_page_scene_bg8_jpg"
    },
    {
      "url": "OneClass_MultiOverviewUp/assets/OneClass_MultiOverviewUp_page_scene9/OneClass_MultiOverviewUp_page_scene_bg9.jpg",
      "type": "image",
      "name": "OneClass_MultiOverviewUp_page_scene_bg9_jpg"
    },
    {
      "url": "OneClass_MultiOverviewUp/assets/OneClass_MultiOverviewUp_preload/OneClass_MultiOverviewUp.json",
      "type": "json",
      "name": "OneClass_MultiOverviewUp_json"
    },
    {
      "url": "OneClass_MultiOverviewUp/assets/OneClass_MultiOverviewUp_preload/OneClass_MultiOverviewUp_Preload_8_1.png",
      "type": "image",
      "name": "OneClass_MultiOverviewUp_Preload_8_1_png"
    },
    {
      "url": "OneClass_MultiOverviewUp/assets/OneClass_MultiOverviewUp_preload/OneClass_MultiOverviewUp_Preload_8_2.png",
      "type": "image",
      "name": "OneClass_MultiOverviewUp_Preload_8_2_png"
    },
    {
      "url": "OneClass_MultiOverviewUp/assets/OneClass_MultiOverviewUp_preload/OneClass_MultiOverviewUp_Preload_OneClass_MultiOverview_16.png",
      "type": "image",
      "name": "OneClass_MultiOverviewUp_Preload_OneClass_MultiOverview_16_png"
    }
  ]
}
