{"file":"Moudle_big_page_scene14.png","frames":{
"10_01":{"x":1,"y":148,"w":99,"h":99,"offX":0,"offY":0,"sourceW":99,"sourceH":99},
"10_02":{"x":537,"y":1,"w":153,"h":164,"offX":0,"offY":0,"sourceW":153,"sourceH":164},
"10_03":{"x":1,"y":1,"w":534,"h":53,"offX":0,"offY":0,"sourceW":534,"sourceH":53},
"10_04":{"x":692,"y":1,"w":248,"h":90,"offX":0,"offY":0,"sourceW":248,"sourceH":90},
"10_05":{"x":1,"y":56,"w":248,"h":90,"offX":0,"offY":0,"sourceW":248,"sourceH":90},
"10_06":{"x":251,"y":56,"w":102,"h":146,"offX":4,"offY":0,"sourceW":106,"sourceH":175},
"10_07":{"x":900,"y":93,"w":102,"h":145,"offX":5,"offY":0,"sourceW":107,"sourceH":175},
"10_08":{"x":355,"y":56,"w":102,"h":146,"offX":0,"offY":0,"sourceW":102,"sourceH":176},
"10_09":{"x":796,"y":93,"w":102,"h":145,"offX":0,"offY":0,"sourceW":102,"sourceH":175},
"10_10":{"x":692,"y":93,"w":102,"h":146,"offX":0,"offY":0,"sourceW":102,"sourceH":176}}}