{"frameRate":30,"version":"4.5","isGlobal":0,"armature":[{"frameRate":30,"slot":[{"color":{},"name":"handguang","parent":"bone3"},{"z":1,"color":{},"name":"guangban_202","parent":"bone4"},{"z":2,"color":{},"name":"xx","parent":"bone5"},{"z":3,"color":{},"name":"xx2","parent":"bone6"},{"z":4,"color":{},"name":"tw","parent":"bone2"},{"z":5,"color":{},"name":"shou","parent":"bone"},{"z":6,"color":{},"name":"xx3","parent":"bone7"},{"z":7,"color":{},"name":"xx4","parent":"bone8"}],"ik":[],"animation":[{"bone":[{"frame":[{"tweenEasing":null,"transform":{"skY":-270,"skX":-270},"duration":45}],"name":"root"},{"frame":[{"tweenEasing":null,"transform":{"y":66.93,"x":-401.33},"duration":27},{"transform":{"y":66.93,"x":-401.33},"curve":[0,0,1,1],"duration":4},{"transform":{"y":83.03,"scX":0.67,"scY":0.67,"x":-403.97},"curve":[0.177,0.42,0.68,0.88],"duration":8},{"tweenEasing":null,"transform":{"skY":-90,"y":96.53,"scX":0.505,"scY":0.505,"skX":-90,"x":-409.46},"duration":6}],"name":"bone8"},{"frame":[{"transform":{"skY":-90,"y":31.77,"scX":1.73,"scY":1.73,"skX":-90,"x":-820.3},"curve":[0,0,1,1],"duration":4},{"tweenEasing":null,"transform":{"skY":-103.3,"y":21.65,"skX":-103.3,"x":-859.02},"duration":6},{"transform":{"skY":-103.3,"y":21.65,"skX":-103.3,"x":-859.02},"curve":[0.454,0.12,0.86,0.96],"duration":16},{"transform":{"skY":-103.3,"y":21.65,"skX":-103.3,"x":-511.12},"curve":[0,0,1,1],"duration":8},{"transform":{"skY":-103.3,"y":21.65,"skX":-103.3,"x":-504.46},"curve":[0,0,1,1],"duration":6},{"tweenEasing":null,"transform":{"skY":-103.3,"y":21.65,"skX":-103.3,"x":-502.23},"duration":5}],"name":"bone"},{"frame":[{"transform":{},"curve":[0,0,1,1],"duration":4},{"transform":{"y":-50.35,"scX":0.503,"scY":0.503,"x":-1052.86},"curve":[0.177,0.42,0.68,0.88],"duration":4},{"transform":{"y":-50.35,"scX":1.136,"scY":1.136,"x":-1052.86},"curve":[0.177,0.42,0.68,0.88],"duration":12},{"tweenEasing":null,"transform":{"y":-50.35,"scX":1.592,"scY":1.592,"x":-1052.86},"duration":25}],"name":"bone3"},{"frame":[{"transform":{},"curve":[0,0,1,1],"duration":10},{"transform":{"y":144.76,"scX":0.115,"x":-709.03},"curve":[0.3955,0.115,0.7735,0.75],"duration":3},{"transform":{"y":144.76,"scX":0.563,"x":-709.03},"curve":[0.458,0.43,0.829,0.97],"duration":13},{"transform":{"y":144.76,"scX":1.605,"x":-355.87},"curve":[0.177,0.42,0.68,0.88],"duration":9},{"tweenEasing":null,"transform":{"y":144.76,"scX":0.141,"scY":0.324,"x":-340.79},"duration":10}],"name":"bone2"},{"frame":[{"tweenEasing":null,"transform":{"y":70.41,"x":-362.38},"duration":26},{"transform":{"y":70.41,"x":-362.38},"curve":[0,0,1,1],"duration":11},{"tweenEasing":null,"transform":{"skY":-80,"y":42.36,"scX":0.542,"scY":0.542,"skX":-80,"x":-378.24},"duration":8}],"name":"bone7"},{"frame":[{"transform":{},"curve":[0,0,1,1],"duration":26},{"transform":{"y":67.31,"x":-285.65},"curve":[0.177,0.42,0.68,0.88],"duration":13},{"tweenEasing":null,"transform":{"y":50.86,"scX":0.1,"scY":0.1,"x":-208.32},"duration":6}],"name":"bone6"},{"frame":[{"tweenEasing":null,"transform":{"skY":-90,"y":69.66,"skX":-90,"x":-320.26},"duration":26},{"transform":{"skY":-90,"y":69.66,"skX":-90,"x":-320.26},"curve":[0,0,1,1],"duration":5},{"transform":{"skY":-90,"y":43.85,"scX":1.146,"scY":1.146,"skX":-90,"x":-292.76},"curve":[0.177,0.42,0.68,0.88],"duration":14},{"tweenEasing":null,"transform":{"skY":90,"y":36.47,"scX":0.344,"scY":0.344,"skX":90,"x":-284.9},"duration":0}],"name":"bone5"},{"frame":[{"transform":{},"curve":[0,0,1,1],"duration":5},{"transform":{"y":-58.04,"scX":2.549,"scY":2.549,"x":-958.84},"curve":[0,0,1,1],"duration":5},{"transform":{"y":-58.04,"scX":0.271,"scY":0.271,"x":-958.84},"curve":[0.441,0.11,0.855,0.97],"duration":16},{"transform":{"y":-58.04,"scX":0.728,"scY":0.728,"x":-600.16},"curve":[0.177,0.42,0.68,0.88],"duration":8},{"tweenEasing":null,"transform":{"y":-58.04,"scX":2.25,"scY":2.25,"x":-600.16},"duration":11}],"name":"bone4"}],"slot":[{"name":"xx3","frame":[{"duration":26,"color":{},"curve":[0,0,1,1],"displayIndex":-1},{"duration":8,"color":{},"curve":[0,0,1,1]},{"duration":3,"color":{},"curve":[0,0,1,1]},{"curve":[0,0,1,1],"duration":8,"tweenEasing":null,"color":{"aM":0},"displayIndex":-1}]},{"name":"xx2","frame":[{"duration":26,"color":{},"curve":[0,0,1,1],"displayIndex":-1},{"duration":13,"color":{},"curve":[0,0,1,1]},{"curve":[0,0,1,1],"duration":6,"tweenEasing":null,"color":{},"displayIndex":-1}]},{"name":"shou","frame":[{"tweenEasing":null,"duration":34,"color":{}},{"duration":6,"color":{},"curve":[0,0,1,1]},{"curve":[0,0,1,1],"duration":5,"tweenEasing":null,"color":{"aM":0}}]},{"name":"xx4","frame":[{"duration":27,"color":{},"curve":[0,0,1,1],"displayIndex":-1},{"duration":7,"color":{},"curve":[0,0,1,1]},{"duration":5,"color":{},"curve":[0,0,1,1]},{"curve":[0,0,1,1],"duration":6,"tweenEasing":null,"color":{"aM":0}}]},{"name":"tw","frame":[{"duration":10,"color":{},"curve":[0,0,1,1],"displayIndex":-1},{"duration":16,"color":{},"curve":[0,0,1,1]},{"duration":9,"color":{},"curve":[0,0,1,1]},{"curve":[0,0,1,1],"duration":10,"tweenEasing":null,"color":{},"displayIndex":-1}]},{"name":"xx","frame":[{"duration":26,"color":{},"curve":[0,0,1,1],"displayIndex":-1},{"duration":12,"color":{},"curve":[0,0,1,1]},{"duration":7,"color":{},"curve":[0.177,0.42,0.68,0.88]},{"curve":[0,0,1,1],"duration":0,"tweenEasing":null,"color":{"aM":0},"displayIndex":-1}]},{"name":"guangban_202","frame":[{"duration":5,"color":{},"curve":[0,0,1,1],"displayIndex":-1},{"duration":5,"color":{},"curve":[0,0,1,1]},{"duration":16,"color":{},"curve":[0,0,1,1],"displayIndex":-1},{"duration":8,"color":{},"curve":[0.0885,0.21,0.8400000000000001,0.94]},{"curve":[0,0,1,1],"duration":11,"tweenEasing":null,"color":{"aM":0}}]},{"name":"handguang","frame":[{"duration":4,"color":{},"curve":[0,0,1,1],"displayIndex":-1},{"duration":4,"color":{},"curve":[0,0,1,1]},{"duration":12,"color":{},"curve":[0.0885,0.21,0.8400000000000001,0.94]},{"curve":[0,0,1,1],"duration":25,"tweenEasing":null,"color":{"aM":0},"displayIndex":-1}]}],"frame":[],"duration":45,"ffd":[],"name":"hand4"},{"bone":[{"frame":[{"tweenEasing":null,"transform":{"y":70.41,"scX":0,"scY":0,"x":-362.38},"duration":100}],"name":"bone7"},{"frame":[{"tweenEasing":null,"transform":{"y":66.93,"scX":0,"scY":0,"x":-401.33},"duration":100}],"name":"bone8"},{"frame":[{"transform":{"skY":-90,"y":-55.67,"scX":1.73,"scY":1.73,"skX":-90,"x":-817.42},"curve":[0,0,1,1],"duration":7},{"transform":{"skY":-103.3,"y":21.65,"skX":-103.3,"x":-859.02},"curve":[0,0.35,0.683,1],"duration":5},{"transform":{"skY":-103.3,"y":21.65,"skX":-103.3,"x":-870.05},"curve":[0,0.35,0.683,1],"duration":15},{"transform":{"skY":-103.3,"y":21.65,"skX":-103.3,"x":-685.06},"curve":[0,0,1,1],"duration":5},{"transform":{"skY":-103.3,"y":21.65,"skX":-103.3,"x":-689.28},"curve":[0,0,1,1],"duration":5},{"transform":{"skY":-103.3,"y":21.65,"skX":-103.3,"x":-685.06},"curve":[0,0,1,1],"duration":5},{"transform":{"skY":-103.3,"y":21.65,"skX":-103.3,"x":-689.28},"curve":[0,0,1,1],"duration":5},{"transform":{"skY":-103.3,"y":21.65,"skX":-103.3,"x":-685.06},"curve":[0,0,1,1],"duration":5},{"transform":{"skY":-103.3,"y":21.65,"skX":-103.3,"x":-689.28},"curve":[0,0,1,1],"duration":5},{"transform":{"skY":-107.04,"y":21.65,"scX":0.886,"scY":0.886,"skX":-107.04,"x":-685.06},"curve":[0,0.35,0.683,1],"duration":4},{"tweenEasing":null,"transform":{"skY":-86.9,"y":-38.88,"scX":1.429,"scY":1.429,"skX":-86.9,"x":-708.13},"duration":39},{"tweenEasing":null,"transform":{"skY":-86.9,"y":-38.88,"scX":1.429,"scY":1.429,"skX":-86.9,"x":-708.13},"duration":0}],"name":"bone"},{"frame":[{"transform":{},"curve":[0,0,1,1],"duration":8},{"transform":{"y":-50.35,"scX":0.503,"scY":0.503,"x":-1052.86},"curve":[0.177,0.42,0.68,0.88],"duration":4},{"transform":{"y":-50.35,"scX":1.521,"scY":1.521,"x":-1052.86},"curve":[0.177,0.42,0.68,0.88],"duration":12},{"tweenEasing":null,"transform":{"y":-50.35,"scX":1.967,"scY":1.967,"x":-1052.86},"duration":20},{"transform":{"y":-54.89,"scX":0.363,"scY":0.363,"x":-875.95},"curve":[0.353,0.57,0.743,1],"duration":9},{"tweenEasing":null,"transform":{"y":-54.89,"scX":1.105,"scY":1.105,"x":-875.95},"duration":47}],"name":"bone3"},{"frame":[{"transform":{},"curve":[0,0,1,1],"duration":12},{"transform":{"y":144.76,"scX":0.115,"x":-709.03},"curve":[0,0,1,1],"duration":5},{"transform":{"y":144.76,"scX":1.232,"x":-603.09},"curve":[0.414,0.515,0.7825,0.985],"duration":10},{"transform":{"y":144.76,"scX":0.132,"scY":0.329,"x":-529.59},"curve":[0,0.35,0.683,1],"duration":5},{"tweenEasing":null,"transform":{"y":144.76,"scX":0.104,"scY":0.236,"x":-529.59},"duration":1},{"tweenEasing":null,"transform":{"y":144.76,"scX":0,"scY":0,"x":-529.59},"duration":67}],"name":"bone2"},{"frame":[{"tweenEasing":null,"transform":{"skY":-270,"skX":-270},"duration":100}],"name":"root"},{"frame":[{"tweenEasing":null,"transform":{"y":-50.69,"scX":0,"scY":0},"duration":100}],"name":"bone6"},{"frame":[{"tweenEasing":null,"transform":{"skY":-90,"y":69.66,"scX":0,"scY":0,"skX":-90,"x":-320.26},"duration":100}],"name":"bone5"},{"frame":[{"transform":{},"curve":[0,0,1,1],"duration":8},{"transform":{"y":-58.04,"scX":2.549,"scY":2.549,"x":-958.84},"curve":[0,0,1,1],"duration":5},{"tweenEasing":null,"transform":{"y":-58.04,"scX":0.271,"scY":0.271,"x":-958.84},"duration":87}],"name":"bone4"}],"slot":[{"name":"xx3","frame":[{"curve":[0,0,1,1],"duration":100,"tweenEasing":null,"color":{},"displayIndex":-1}]},{"name":"xx2","frame":[{"curve":[0,0,1,1],"duration":100,"tweenEasing":null,"color":{},"displayIndex":-1}]},{"name":"shou","frame":[{"tweenEasing":null,"duration":57,"color":{}},{"duration":4,"color":{},"curve":[0,0.35,0.683,1]},{"curve":[0,0,1,1],"duration":39,"tweenEasing":null,"color":{"aM":0}}]},{"name":"xx4","frame":[{"curve":[0,0,1,1],"duration":100,"tweenEasing":null,"color":{},"displayIndex":-1}]},{"name":"tw","frame":[{"duration":12,"color":{},"curve":[0,0,1,1],"displayIndex":-1},{"duration":15,"color":{},"curve":[0,0,1,1]},{"tweenEasing":null,"duration":5,"color":{}},{"curve":[0,0,1,1],"duration":68,"tweenEasing":null,"color":{}}]},{"name":"xx","frame":[{"curve":[0,0,1,1],"duration":100,"tweenEasing":null,"color":{},"displayIndex":-1}]},{"name":"guangban_202","frame":[{"duration":8,"color":{},"curve":[0,0,1,1],"displayIndex":-1},{"duration":5,"color":{},"curve":[0,0,1,1]},{"curve":[0,0,1,1],"duration":87,"tweenEasing":null,"color":{},"displayIndex":-1}]},{"name":"handguang","frame":[{"duration":8,"color":{},"curve":[0,0,1,1],"displayIndex":-1},{"duration":4,"color":{},"curve":[0,0,1,1]},{"duration":12,"color":{},"curve":[0.0885,0.21,0.8400000000000001,0.94]},{"duration":20,"color":{"aM":0},"curve":[0,0,1,1],"displayIndex":-1},{"duration":5,"color":{},"curve":[0.353,0.57,0.743,1],"displayIndex":-1},{"duration":4,"color":{"aM":21},"curve":[0.353,0.57,0.743,1],"displayIndex":-1},{"curve":[0,0,1,1],"duration":47,"tweenEasing":null,"color":{"aM":0}}]}],"frame":[],"duration":100,"ffd":[],"name":"hand5"},{"bone":[{"frame":[{"tweenEasing":null,"transform":{"y":66.93,"x":-401.33},"duration":27},{"transform":{"y":66.93,"x":-401.33},"curve":[0,0,1,1],"duration":4},{"transform":{"y":83.03,"scX":0.67,"scY":0.67,"x":-403.97},"curve":[0.177,0.42,0.68,0.88],"duration":8},{"tweenEasing":null,"transform":{"skY":-90,"y":96.53,"scX":0.505,"scY":0.505,"skX":-90,"x":-409.46},"duration":46}],"name":"bone8"},{"frame":[{"transform":{"y":127.51,"scX":1.73,"scY":1.73,"x":-823.95},"curve":[0,0,1,1],"duration":4},{"tweenEasing":null,"transform":{"skY":-13.29,"y":133.91,"skX":-13.29,"x":-843.14},"duration":6},{"transform":{"skY":-13.29,"y":133.91,"skX":-13.29,"x":-843.14},"curve":[0.441,0.11,0.855,0.97],"duration":16},{"transform":{"skY":-13.29,"y":133.91,"skX":-13.29,"x":-482.89},"curve":[0,0,1,1],"duration":8},{"transform":{"skY":-13.29,"y":133.91,"skX":-13.29,"x":-479.05},"curve":[0,0,1,1],"duration":6},{"transform":{"skY":-13.29,"y":133.91,"skX":-13.29,"x":-476.18},"curve":[0,0,1,1],"duration":45},{"tweenEasing":null,"transform":{"skY":-13.29,"y":133.91,"skX":-13.29,"x":-477.3},"duration":0}],"name":"bone"},{"frame":[{"transform":{},"curve":[0,0,1,1],"duration":4},{"transform":{"y":-50.35,"scX":0.503,"scY":0.503,"x":-1052.86},"curve":[0.177,0.42,0.68,0.88],"duration":4},{"transform":{"y":-50.35,"scX":1.136,"scY":1.136,"x":-1052.86},"curve":[0.177,0.42,0.68,0.88],"duration":12},{"tweenEasing":null,"transform":{"y":-50.35,"scX":1.592,"scY":1.592,"x":-1052.86},"duration":65}],"name":"bone3"},{"frame":[{"transform":{},"curve":[0,0,1,1],"duration":10},{"transform":{"y":144.76,"scX":0.115,"x":-709.03},"curve":[0.3955,0.115,0.7735,0.75],"duration":3},{"transform":{"y":144.76,"scX":0.563,"x":-709.03},"curve":[0.458,0.43,0.829,0.97],"duration":13},{"transform":{"y":144.76,"scX":1.605,"x":-355.87},"curve":[0.177,0.42,0.68,0.88],"duration":9},{"tweenEasing":null,"transform":{"y":144.76,"scX":0.141,"scY":0.324,"x":-340.79},"duration":50}],"name":"bone2"},{"frame":[{"tweenEasing":null,"transform":{"y":70.41,"x":-362.38},"duration":26},{"transform":{"y":70.41,"x":-362.38},"curve":[0,0,1,1],"duration":11},{"tweenEasing":null,"transform":{"skY":-80,"y":42.36,"scX":0.542,"scY":0.542,"skX":-80,"x":-378.24},"duration":48}],"name":"bone7"},{"frame":[{"transform":{},"curve":[0,0,1,1],"duration":26},{"transform":{"y":67.31,"x":-285.65},"curve":[0.177,0.42,0.68,0.88],"duration":13},{"tweenEasing":null,"transform":{"y":50.86,"scX":0.1,"scY":0.1,"x":-208.32},"duration":46}],"name":"bone6"},{"frame":[{"tweenEasing":null,"transform":{"skY":-90,"y":69.66,"skX":-90,"x":-320.26},"duration":26},{"transform":{"skY":-90,"y":69.66,"skX":-90,"x":-320.26},"curve":[0,0,1,1],"duration":5},{"transform":{"skY":-90,"y":43.85,"scX":1.146,"scY":1.146,"skX":-90,"x":-292.76},"curve":[0.177,0.42,0.68,0.88],"duration":14},{"tweenEasing":null,"transform":{"skY":90,"y":36.47,"scX":0.344,"scY":0.344,"skX":90,"x":-284.9},"duration":40}],"name":"bone5"},{"frame":[{"transform":{},"curve":[0,0,1,1],"duration":5},{"transform":{"y":-58.04,"scX":2.549,"scY":2.549,"x":-958.84},"curve":[0,0,1,1],"duration":5},{"transform":{"y":-58.04,"scX":0.271,"scY":0.271,"x":-958.84},"curve":[0.441,0.11,0.855,0.97],"duration":16},{"transform":{"y":-58.04,"scX":0.728,"scY":0.728,"x":-600.16},"curve":[0.177,0.42,0.68,0.88],"duration":8},{"tweenEasing":null,"transform":{"y":-58.04,"scX":2.25,"scY":2.25,"x":-600.16},"duration":51}],"name":"bone4"},{"frame":[{"tweenEasing":null,"transform":{},"duration":85}],"name":"root"}],"slot":[{"name":"xx3","frame":[{"duration":26,"color":{},"curve":[0,0,1,1],"displayIndex":-1},{"duration":8,"color":{},"curve":[0,0,1,1]},{"duration":3,"color":{},"curve":[0,0,1,1]},{"curve":[0,0,1,1],"duration":48,"tweenEasing":null,"color":{"aM":0},"displayIndex":-1}]},{"name":"xx2","frame":[{"duration":26,"color":{},"curve":[0,0,1,1],"displayIndex":-1},{"duration":13,"color":{},"curve":[0,0,1,1]},{"curve":[0,0,1,1],"duration":46,"tweenEasing":null,"color":{},"displayIndex":-1}]},{"name":"shou","frame":[{"tweenEasing":null,"duration":34,"color":{}},{"duration":6,"color":{},"curve":[0,0,1,1]},{"curve":[0,0,1,1],"duration":45,"tweenEasing":null,"color":{"aM":0}}]},{"name":"xx4","frame":[{"duration":27,"color":{},"curve":[0,0,1,1],"displayIndex":-1},{"duration":7,"color":{},"curve":[0,0,1,1]},{"duration":5,"color":{},"curve":[0,0,1,1]},{"curve":[0,0,1,1],"duration":46,"tweenEasing":null,"color":{"aM":0}}]},{"name":"tw","frame":[{"duration":10,"color":{},"curve":[0,0,1,1],"displayIndex":-1},{"duration":16,"color":{},"curve":[0,0,1,1]},{"duration":9,"color":{},"curve":[0,0,1,1]},{"curve":[0,0,1,1],"duration":50,"tweenEasing":null,"color":{},"displayIndex":-1}]},{"name":"xx","frame":[{"duration":26,"color":{},"curve":[0,0,1,1],"displayIndex":-1},{"duration":12,"color":{},"curve":[0,0,1,1]},{"duration":7,"color":{},"curve":[0.177,0.42,0.68,0.88]},{"curve":[0,0,1,1],"duration":40,"tweenEasing":null,"color":{"aM":0},"displayIndex":-1}]},{"name":"guangban_202","frame":[{"duration":5,"color":{},"curve":[0,0,1,1],"displayIndex":-1},{"duration":5,"color":{},"curve":[0,0,1,1]},{"duration":16,"color":{},"curve":[0,0,1,1],"displayIndex":-1},{"duration":8,"color":{},"curve":[0.0885,0.21,0.8400000000000001,0.94]},{"curve":[0,0,1,1],"duration":51,"tweenEasing":null,"color":{"aM":0}}]},{"name":"handguang","frame":[{"duration":4,"color":{},"curve":[0,0,1,1],"displayIndex":-1},{"duration":4,"color":{},"curve":[0,0,1,1]},{"duration":12,"color":{},"curve":[0.0885,0.21,0.8400000000000001,0.94]},{"curve":[0,0,1,1],"duration":65,"tweenEasing":null,"color":{"aM":0},"displayIndex":-1}]}],"frame":[],"duration":85,"ffd":[],"name":"hand1"},{"bone":[{"frame":[{"tweenEasing":null,"transform":{"y":66.93,"x":-401.33},"duration":33}],"name":"bone8"},{"frame":[{"transform":{"skY":3.33,"y":135.36,"scX":1.049,"scY":1.049,"skX":3.33,"x":-672.73},"curve":[0,0,1,1],"duration":11},{"transform":{"y":136.99,"scX":0.844,"scY":0.793,"x":-693.11},"curve":[0.25,0,0.75,1],"duration":18},{"tweenEasing":null,"transform":{"skY":3.33,"y":135.36,"scX":1.049,"scY":1.049,"skX":3.33,"x":-672.73},"duration":4}],"name":"bone"},{"frame":[{"transform":{},"curve":[0,0,1,1],"duration":10},{"transform":{"y":-57.85,"scX":0.551,"scY":0.551,"x":-884.7},"curve":[0,0,1,1],"duration":7},{"transform":{"y":-57.85,"scX":1.776,"scY":1.776,"x":-884.7},"curve":[0.177,0.42,0.68,0.88],"duration":16},{"tweenEasing":null,"transform":{"y":-57.85,"scX":2.243,"scY":2.243,"x":-884.7},"duration":0}],"name":"bone3"},{"frame":[{"tweenEasing":null,"transform":{},"duration":33}],"name":"bone2"},{"frame":[{"tweenEasing":null,"transform":{"y":70.41,"x":-362.38},"duration":33}],"name":"bone7"},{"frame":[{"tweenEasing":null,"transform":{},"duration":33}],"name":"bone6"},{"frame":[{"tweenEasing":null,"transform":{"skY":-90,"y":69.66,"skX":-90,"x":-320.26},"duration":33}],"name":"bone5"},{"frame":[{"transform":{},"curve":[0,0,1,1],"duration":10},{"transform":{"y":-60.97,"scX":0.979,"scY":0.979,"x":-791.15},"curve":[0,0,1,1],"duration":4},{"transform":{"y":-60.97,"scX":1.992,"scY":1.992,"x":-791.15},"curve":[0,0,1,1],"duration":6},{"tweenEasing":null,"transform":{"y":-60.97,"scX":3.525,"scY":3.525,"x":-791.15},"duration":13}],"name":"bone4"},{"frame":[{"tweenEasing":null,"transform":{},"duration":33}],"name":"root"}],"slot":[{"name":"xx3","frame":[{"curve":[0,0,1,1],"duration":33,"tweenEasing":null,"color":{},"displayIndex":-1}]},{"name":"xx2","frame":[{"curve":[0,0,1,1],"duration":33,"tweenEasing":null,"color":{},"displayIndex":-1}]},{"name":"shou","frame":[{"tweenEasing":null,"duration":29,"color":{}},{"curve":[0,0,1,1],"duration":4,"tweenEasing":null,"color":{}}]},{"name":"xx4","frame":[{"curve":[0,0,1,1],"duration":33,"tweenEasing":null,"color":{},"displayIndex":-1}]},{"name":"tw","frame":[{"curve":[0,0,1,1],"duration":33,"tweenEasing":null,"color":{},"displayIndex":-1}]},{"name":"xx","frame":[{"curve":[0,0,1,1],"duration":33,"tweenEasing":null,"color":{},"displayIndex":-1}]},{"name":"guangban_202","frame":[{"duration":10,"color":{},"curve":[0,0,1,1],"displayIndex":-1},{"duration":4,"color":{},"curve":[0,0,1,1]},{"duration":6,"color":{},"curve":[0,0,1,1]},{"curve":[0,0,1,1],"duration":13,"tweenEasing":null,"color":{"aM":0}}]},{"name":"handguang","frame":[{"duration":10,"color":{},"curve":[0,0,1,1],"displayIndex":-1},{"duration":7,"color":{},"curve":[0,0,1,1]},{"duration":16,"color":{},"curve":[0.177,0.42,0.68,0.88]},{"curve":[0,0,1,1],"duration":0,"tweenEasing":null,"color":{"aM":0}}]}],"frame":[],"duration":33,"ffd":[],"name":"hand2"},{"bone":[{"frame":[{"tweenEasing":null,"transform":{"skY":-90,"skX":-90},"duration":45}],"name":"root"},{"frame":[{"tweenEasing":null,"transform":{"y":66.93,"x":-401.33},"duration":27},{"transform":{"y":66.93,"x":-401.33},"curve":[0,0,1,1],"duration":4},{"transform":{"y":83.03,"scX":0.67,"scY":0.67,"x":-403.97},"curve":[0.177,0.42,0.68,0.88],"duration":8},{"tweenEasing":null,"transform":{"skY":-90,"y":96.53,"scX":0.505,"scY":0.505,"skX":-90,"x":-409.46},"duration":6}],"name":"bone8"},{"frame":[{"tweenEasing":null,"transform":{"skY":-90,"y":69.66,"skX":-90,"x":-320.26},"duration":26},{"transform":{"skY":-90,"y":69.66,"skX":-90,"x":-320.26},"curve":[0,0,1,1],"duration":5},{"transform":{"skY":-90,"y":43.85,"scX":1.146,"scY":1.146,"skX":-90,"x":-292.76},"curve":[0.177,0.42,0.68,0.88],"duration":14},{"tweenEasing":null,"transform":{"skY":90,"y":36.47,"scX":0.344,"scY":0.344,"skX":90,"x":-284.9},"duration":0}],"name":"bone5"},{"frame":[{"transform":{},"curve":[0,0,1,1],"duration":4},{"transform":{"y":-50.35,"scX":0.503,"scY":0.503,"x":-1052.86},"curve":[0.177,0.42,0.68,0.88],"duration":4},{"transform":{"y":-50.35,"scX":1.136,"scY":1.136,"x":-1052.86},"curve":[0.177,0.42,0.68,0.88],"duration":12},{"tweenEasing":null,"transform":{"y":-50.35,"scX":1.592,"scY":1.592,"x":-1052.86},"duration":25}],"name":"bone3"},{"frame":[{"transform":{},"curve":[0,0,1,1],"duration":10},{"transform":{"y":144.76,"scX":0.115,"x":-709.03},"curve":[0.3955,0.115,0.7735,0.75],"duration":3},{"transform":{"y":144.76,"scX":0.563,"x":-709.03},"curve":[0.458,0.43,0.829,0.97],"duration":13},{"transform":{"y":144.76,"scX":1.605,"x":-355.87},"curve":[0.177,0.42,0.68,0.88],"duration":9},{"tweenEasing":null,"transform":{"y":144.76,"scX":0.141,"scY":0.324,"x":-340.79},"duration":10}],"name":"bone2"},{"frame":[{"tweenEasing":null,"transform":{"y":70.41,"x":-362.38},"duration":26},{"transform":{"y":70.41,"x":-362.38},"curve":[0,0,1,1],"duration":11},{"tweenEasing":null,"transform":{"skY":-80,"y":42.36,"scX":0.542,"scY":0.542,"skX":-80,"x":-378.24},"duration":8}],"name":"bone7"},{"frame":[{"transform":{},"curve":[0,0,1,1],"duration":26},{"transform":{"y":67.31,"x":-285.65},"curve":[0.177,0.42,0.68,0.88],"duration":13},{"tweenEasing":null,"transform":{"y":50.86,"scX":0.1,"scY":0.1,"x":-208.32},"duration":6}],"name":"bone6"},{"frame":[{"transform":{"skY":90,"y":169.18,"scX":1.73,"scY":1.73,"skX":90,"x":-920.3},"curve":[0,0,1,1],"duration":4},{"tweenEasing":null,"transform":{"skY":76.69,"y":159.3,"skX":76.69,"x":-959.02},"duration":6},{"transform":{"skY":76.69,"y":159.3,"skX":76.69,"x":-959.02},"curve":[0.454,0.12,0.86,0.96],"duration":16},{"transform":{"skY":76.69,"y":159.29,"skX":76.69,"x":-611.12},"curve":[0,0,1,1],"duration":8},{"transform":{"skY":76.69,"y":159.29,"skX":76.69,"x":-604.47},"curve":[0,0,1,1],"duration":6},{"tweenEasing":null,"transform":{"skY":76.69,"y":159.29,"skX":76.69,"x":-602.23},"duration":5}],"name":"bone"},{"frame":[{"transform":{},"curve":[0,0,1,1],"duration":5},{"transform":{"y":-58.04,"scX":2.549,"scY":2.549,"x":-958.84},"curve":[0,0,1,1],"duration":5},{"transform":{"y":-58.04,"scX":0.271,"scY":0.271,"x":-958.84},"curve":[0.441,0.11,0.855,0.97],"duration":16},{"transform":{"y":-58.04,"scX":0.728,"scY":0.728,"x":-600.16},"curve":[0.177,0.42,0.68,0.88],"duration":8},{"tweenEasing":null,"transform":{"y":-58.04,"scX":2.25,"scY":2.25,"x":-600.16},"duration":11}],"name":"bone4"}],"slot":[{"name":"xx3","frame":[{"duration":26,"color":{},"curve":[0,0,1,1],"displayIndex":-1},{"duration":8,"color":{},"curve":[0,0,1,1]},{"duration":3,"color":{},"curve":[0,0,1,1]},{"curve":[0,0,1,1],"duration":8,"tweenEasing":null,"color":{"aM":0},"displayIndex":-1}]},{"name":"xx2","frame":[{"duration":26,"color":{},"curve":[0,0,1,1],"displayIndex":-1},{"duration":13,"color":{},"curve":[0,0,1,1]},{"curve":[0,0,1,1],"duration":6,"tweenEasing":null,"color":{},"displayIndex":-1}]},{"name":"shou","frame":[{"tweenEasing":null,"duration":34,"color":{}},{"duration":6,"color":{},"curve":[0,0,1,1]},{"curve":[0,0,1,1],"duration":5,"tweenEasing":null,"color":{"aM":0}}]},{"name":"xx4","frame":[{"duration":27,"color":{},"curve":[0,0,1,1],"displayIndex":-1},{"duration":7,"color":{},"curve":[0,0,1,1]},{"duration":5,"color":{},"curve":[0,0,1,1]},{"curve":[0,0,1,1],"duration":6,"tweenEasing":null,"color":{"aM":0}}]},{"name":"tw","frame":[{"duration":10,"color":{},"curve":[0,0,1,1],"displayIndex":-1},{"duration":16,"color":{},"curve":[0,0,1,1]},{"duration":9,"color":{},"curve":[0,0,1,1]},{"curve":[0,0,1,1],"duration":10,"tweenEasing":null,"color":{},"displayIndex":-1}]},{"name":"xx","frame":[{"duration":26,"color":{},"curve":[0,0,1,1],"displayIndex":-1},{"duration":12,"color":{},"curve":[0,0,1,1]},{"duration":7,"color":{},"curve":[0.177,0.42,0.68,0.88]},{"curve":[0,0,1,1],"duration":0,"tweenEasing":null,"color":{"aM":0},"displayIndex":-1}]},{"name":"guangban_202","frame":[{"duration":5,"color":{},"curve":[0,0,1,1],"displayIndex":-1},{"duration":5,"color":{},"curve":[0,0,1,1]},{"duration":16,"color":{},"curve":[0,0,1,1],"displayIndex":-1},{"duration":8,"color":{},"curve":[0.0885,0.21,0.8400000000000001,0.94]},{"curve":[0,0,1,1],"duration":11,"tweenEasing":null,"color":{"aM":0}}]},{"name":"handguang","frame":[{"duration":4,"color":{},"curve":[0,0,1,1],"displayIndex":-1},{"duration":4,"color":{},"curve":[0,0,1,1]},{"duration":12,"color":{},"curve":[0.0885,0.21,0.8400000000000001,0.94]},{"curve":[0,0,1,1],"duration":25,"tweenEasing":null,"color":{"aM":0},"displayIndex":-1}]}],"frame":[],"duration":45,"ffd":[],"name":"hand3"}],"skin":[{"name":"","slot":[{"display":[{"type":"image","transform":{"y":0.29,"x":0.85},"name":"xx"}],"name":"xx3"},{"display":[{"type":"image","transform":{"y":-0.01,"x":-0.16},"name":"handguang"}],"name":"handguang"},{"display":[{"type":"image","transform":{"y":-13.45,"x":-12.17},"name":"shou"}],"name":"shou"},{"display":[{"type":"image","transform":{"y":-0.39,"x":-66.65},"name":"tw"}],"name":"tw"},{"display":[{"type":"image","transform":{"y":0.29,"x":0.85},"name":"xx"}],"name":"xx2"},{"display":[{"type":"image","transform":{"y":0.29,"x":0.85},"name":"xx"}],"name":"xx"},{"display":[{"type":"image","transform":{"y":0.29,"x":0.85},"name":"xx"}],"name":"xx4"},{"display":[{"type":"image","transform":{"y":-3,"x":0.96},"name":"guangban_202"}],"name":"guangban_202"}]}],"bone":[{"transform":{},"name":"root"},{"transform":{"y":-84.47,"scX":1.183,"scY":1.183,"x":741.23},"name":"bone","parent":"root"},{"transform":{"y":-140.15,"scY":1.27,"x":540.21},"name":"bone2","parent":"root"},{"transform":{"y":56.96,"x":884.89},"name":"bone3","parent":"root"},{"transform":{"y":60.7,"x":791.95},"name":"bone4","parent":"root"},{"transform":{"y":-68.17,"x":500.62},"name":"bone5","parent":"root"},{"transform":{"y":-68.17,"x":466.56},"name":"bone6","parent":"root"},{"transform":{"y":-68.17,"x":545.68},"name":"bone7","parent":"root"},{"transform":{"y":-68.17,"x":585.74},"name":"bone8","parent":"root"}],"defaultActions":[{"gotoAndPlay":"hand4"}],"type":"Armature","name":"armatureName","aabb":{"x":387.06000000000006,"y":-157.6453,"width":547.17,"height":279.34529999999995}}],"name":"hand_anim"}