{"file":"Moudle_big_page_scene4.png","frames":{
"11_5":{"x":0,"y":811,"w":187,"h":200,"offX":0,"offY":0,"sourceW":187,"sourceH":200},
"11_4":{"x":189,"y":0,"w":187,"h":200,"offX":0,"offY":0,"sourceW":187,"sourceH":200},
"11_6":{"x":189,"y":202,"w":187,"h":200,"offX":0,"offY":0,"sourceW":187,"sourceH":200},
"11_7":{"x":0,"y":609,"w":187,"h":200,"offX":0,"offY":0,"sourceW":187,"sourceH":200},
"11_3":{"x":0,"y":0,"w":187,"h":201,"offX":0,"offY":0,"sourceW":187,"sourceH":201},
"11_2":{"x":0,"y":203,"w":187,"h":201,"offX":0,"offY":0,"sourceW":187,"sourceH":201},
"11_1":{"x":0,"y":406,"w":187,"h":201,"offX":0,"offY":0,"sourceW":187,"sourceH":201},
"11_8":{"x":189,"y":404,"w":187,"h":200,"offX":0,"offY":0,"sourceW":187,"sourceH":200}}}