{
  "engineVersion": "5.2.13",
  "compilerVersion": "5.2.13",
  "template": {},
  "target": {
    "current": "web"
  },
  "eui": {
    "exmlRoot": [
      "resource/eui_skins"
    ],
    "themes": [
      "resource/default.thm.json"
    ],
    "exmlPublishPolicy": "commonjs"
  },
  "modules": [
    {
      "name": "egret"
    },
    {
      "name": "eui"
    },
    {
      "name": "assetsmanager"
    },
    {
      "name": "tween"
    },
    {
      "name": "game"
    },
    {
      "name": "promise"
    },    
    {
      "name": "dragonBones"
    },
    {
			"name": "htsw_framework",
			"path": "./libs/htsw_framework"
		},
    {
      "name": "socket"
    }
  ]
}
