{
	"groups":[
		{
			"keys":"star_bg_jpg,star_light_png",
			"name":"complete"
		},
		{
			"keys":"main_preload_json",
			"name":"preload"
		},
		{
			"keys":"caidai_0_json,caidai_1_json,caidai_2_json,caidai_3_json,caidai_4_json,caidai_5_json,caidai_6_json,caidai_json,effect_bingo_1_mp3,effect_bingo_2_mp3,effect_bingo_3_mp3",
			"name":"successCaiDai"
		}
	],
	"resources":[
		{
			"name":"star_bg_jpg",
			"type":"image",
			"url":"gamemain/assets/complete/star_bg.jpg"
		},
		{
			"name":"star_light_png",
			"type":"image",
			"url":"gamemain/assets/complete/star_light.png"
		},
		{
			"name":"main_preload_json",
			"subkeys":"bg_ball_png,dolphin_arm_png,dolphin_png,font_loading_png,main_btn_duicuo_png,main_btn_finger_png,main_btn_out_png,main_btn_play_png,main_btn_puase_png",
			"type":"sheet",
			"url":"gamemain/assets/preload/main_preload.json"
		},
		{
			"name":"caidai_0_json",
			"subkeys":"i_148000951,i_148000952,i_148000953,i_148000954,i_148000955,i_148000956",
			"type":"sheet",
			"url":"gamemain/assets/successCaiDai/caidai_0.json"
		},
		{
			"name":"caidai_1_json",
			"subkeys":"i_148000957,i_148000967,i_148000968",
			"type":"sheet",
			"url":"gamemain/assets/successCaiDai/caidai_1.json"
		},
		{
			"name":"caidai_2_json",
			"subkeys":"i_148000958,i_148000966",
			"type":"sheet",
			"url":"gamemain/assets/successCaiDai/caidai_2.json"
		},
		{
			"name":"caidai_3_json",
			"subkeys":"i_148000964,i_148000965",
			"type":"sheet",
			"url":"gamemain/assets/successCaiDai/caidai_3.json"
		},
		{
			"name":"caidai_4_json",
			"subkeys":"i_148000959,i_148000963",
			"type":"sheet",
			"url":"gamemain/assets/successCaiDai/caidai_4.json"
		},
		{
			"name":"caidai_5_json",
			"subkeys":"i_148000960,i_148000962",
			"type":"sheet",
			"url":"gamemain/assets/successCaiDai/caidai_5.json"
		},
		{
			"name":"caidai_6_json",
			"subkeys":"i_148000961",
			"type":"sheet",
			"url":"gamemain/assets/successCaiDai/caidai_6.json"
		},
		{
			"name":"caidai_json",
			"type":"json",
			"url":"gamemain/assets/successCaiDai/caidai.json"
		},
		{
			"name":"effect_bingo_1_mp3",
			"type":"sound",
			"url":"gamemain/assets/successCaiDai/effect_bingo_1.mp3"
		},
		{
			"name":"effect_bingo_2_mp3",
			"type":"sound",
			"url":"gamemain/assets/successCaiDai/effect_bingo_2.mp3"
		},
		{
			"name":"effect_bingo_3_mp3",
			"type":"sound",
			"url":"gamemain/assets/successCaiDai/effect_bingo_3.mp3"
		}
	]
}