{"file":"OneClass_MultiOverviewUp_big_page_scene11.png","frames":{
"OneClass_MultiOverviewUp_OneClass_MultiOverview_11_1":{"x":1,"y":1,"w":347,"h":470,"offX":0,"offY":0,"sourceW":347,"sourceH":470},
"OneClass_MultiOverviewUp_OneClass_MultiOverview_11_2":{"x":350,"y":1,"w":347,"h":470,"offX":0,"offY":0,"sourceW":347,"sourceH":470},
"OneClass_MultiOverviewUp_OneClass_MultiOverview_11_3":{"x":1,"y":473,"w":347,"h":470,"offX":0,"offY":0,"sourceW":347,"sourceH":470},
"OneClass_MultiOverviewUp_OneClass_MultiOverview_11_4":{"x":350,"y":473,"w":347,"h":470,"offX":0,"offY":0,"sourceW":347,"sourceH":470}}}