{"scale":1,"stageHgith":1348,"imgArr":[{"size":99207,"name":"0"},{"size":51185,"name":"1"}],"stageWidth":1562,"imgScale":{},"fileName":"failed","imgP":{"i_2":{},"i_1":{},"i_5":{},"i_4":{},"i_3":{},"i_6":{}},"version":1544707229350,"mcObjs":{"root":{"direction":1,"totalFrame":30,"pivotX":230,"frameTime":41,"screenH":640,"floor":464,"layers":[[{"y":0,"frameNum":4,"libName":"i_1","x":0},{"y":-1,"frameNum":4,"libName":"i_2","x":-3},{"y":-1,"frameNum":4,"libName":"i_3","x":-3},{"y":-1,"frameNum":4,"libName":"i_4","x":-3},{"y":25,"frameNum":4,"libName":"i_5","x":73},{"y":25,"frameNum":4,"libName":"i_6","x":73}]]}},"clipping":{"clippingPadding":3},"inputScale":1}