{"file":"OneClass_MultiOverviewUp_big_page_scene12.png","frames":{
"OneClass_MultiOverviewUp_OneClass_MultiOverview_12_1":{"x":1,"y":1,"w":339,"h":107,"offX":1,"offY":0,"sourceW":340,"sourceH":107},
"OneClass_MultiOverviewUp_OneClass_MultiOverview_12_2":{"x":1,"y":110,"w":339,"h":107,"offX":1,"offY":0,"sourceW":340,"sourceH":107},
"OneClass_MultiOverviewUp_OneClass_MultiOverview_12_3":{"x":1,"y":219,"w":339,"h":107,"offX":1,"offY":0,"sourceW":340,"sourceH":107},
"OneClass_MultiOverviewUp_OneClass_MultiOverview_12_4":{"x":1,"y":328,"w":339,"h":107,"offX":1,"offY":0,"sourceW":340,"sourceH":107}}}