{"file":"Moudle_big_page_scene8.png","frames":{
"8_1":{"x":0,"y":0,"w":1507,"h":871,"offX":0,"offY":0,"sourceW":1507,"sourceH":871},
"8_3":{"x":1509,"y":190,"w":397,"h":189,"offX":1,"offY":1,"sourceW":398,"sourceH":190},
"8_2":{"x":1509,"y":0,"w":418,"h":188,"offX":0,"offY":0,"sourceW":418,"sourceH":188},
"8_6":{"x":1612,"y":569,"w":75,"h":37,"offX":3,"offY":7,"sourceW":80,"sourceH":47},
"8_7":{"x":1689,"y":569,"w":75,"h":37,"offX":3,"offY":7,"sourceW":80,"sourceH":47},
"8_5":{"x":1766,"y":569,"w":49,"h":37,"offX":2,"offY":7,"sourceW":54,"sourceH":47},
"8_4":{"x":1509,"y":381,"w":377,"h":186,"offX":1,"offY":0,"sourceW":378,"sourceH":186},
"8_8":{"x":1509,"y":569,"w":101,"h":37,"offX":3,"offY":7,"sourceW":107,"sourceH":47}}}