{"file":"dolphinIsland_cloud.png","frames":{
"dolphinIsland_1_02":{"x":1,"y":1518,"w":1111,"h":446,"offX":0,"offY":0,"sourceW":1111,"sourceH":446},
"dolphinIsland_1_04":{"x":1,"y":1070,"w":1111,"h":446,"offX":0,"offY":0,"sourceW":1111,"sourceH":446},
"dolphinIsland_1_06":{"x":1,"y":622,"w":1111,"h":446,"offX":0,"offY":0,"sourceW":1111,"sourceH":446},
"dolphinIsland_1_05":{"x":1,"y":1,"w":1312,"h":619,"offX":0,"offY":1,"sourceW":1312,"sourceH":620},
"dolphinIsland_1_01":{"x":1315,"y":1,"w":209,"h":178,"offX":0,"offY":0,"sourceW":209,"sourceH":178}}}