{"file":"Moudle_big_page_scene12.png","frames":{
"page_obj_9_8":{"x":685,"y":475,"w":222,"h":98,"offX":4,"offY":3,"sourceW":229,"sourceH":101},
"page_obj_9_1":{"x":0,"y":950,"w":352,"h":56,"offX":3,"offY":3,"sourceW":361,"sourceH":59},
"page_obj_9_2":{"x":685,"y":575,"w":108,"h":198,"offX":0,"offY":0,"sourceW":108,"sourceH":198},
"page_obj_9_3":{"x":685,"y":775,"w":108,"h":198,"offX":0,"offY":0,"sourceW":108,"sourceH":198},
"page_obj_9_7":{"x":795,"y":575,"w":194,"h":85,"offX":3,"offY":4,"sourceW":200,"sourceH":89},
"page_obj_9_6":{"x":0,"y":475,"w":683,"h":473,"offX":0,"offY":0,"sourceW":683,"sourceH":473},
"page_obj_9_4":{"x":795,"y":662,"w":110,"h":77,"offX":9,"offY":15,"sourceW":124,"sourceH":93},
"page_obj_9_5":{"x":0,"y":0,"w":684,"h":473,"offX":0,"offY":0,"sourceW":684,"sourceH":473}}}