{"file":"big_loading.png","frames":{
"bg_ball_png":{"x":325,"y":124,"w":89,"h":89,"offX":1,"offY":1,"sourceW":91,"sourceH":91},
"update_png":{"x":441,"y":0,"w":60,"h":60,"offX":0,"offY":0,"sourceW":60,"sourceH":60},
"loading_haitun_png":{"x":0,"y":0,"w":323,"h":426,"offX":0,"offY":0,"sourceW":323,"sourceH":426},
"font_loading_png":{"x":416,"y":124,"w":80,"h":31,"offX":0,"offY":0,"sourceW":80,"sourceH":31},
"dolphin_arm_png":{"x":416,"y":157,"w":41,"h":17,"offX":76,"offY":40,"sourceW":180,"sourceH":180},
"dolphin_png":{"x":325,"y":0,"w":114,"h":122,"offX":37,"offY":15,"sourceW":180,"sourceH":180},
"clickbtn_png":{"x":441,"y":62,"w":60,"h":60,"offX":0,"offY":0,"sourceW":60,"sourceH":60}}}