{"file":"big_completescene.png","frames":{
"completescene_pen_png":{"x":0,"y":1350,"w":225,"h":359,"offX":12,"offY":7,"sourceW":237,"sourceH":370},
"completescene_text1_png":{"x":227,"y":1350,"w":191,"h":196,"offX":0,"offY":0,"sourceW":191,"sourceH":196},
"completescene_text2_png":{"x":1564,"y":0,"w":203,"h":208,"offX":0,"offY":0,"sourceW":203,"sourceH":208},
"completescene_text3_png":{"x":0,"y":1711,"w":192,"h":197,"offX":0,"offY":0,"sourceW":192,"sourceH":197},
"completescene_text4_png":{"x":1564,"y":584,"w":175,"h":177,"offX":0,"offY":0,"sourceW":175,"sourceH":177},
"completescene_text5_png":{"x":1564,"y":210,"w":196,"h":186,"offX":0,"offY":0,"sourceW":196,"sourceH":186},
"completescene_text6_png":{"x":1769,"y":0,"w":186,"h":187,"offX":0,"offY":0,"sourceW":186,"sourceH":187},
"completescene_text7_png":{"x":420,"y":1350,"w":182,"h":187,"offX":0,"offY":0,"sourceW":182,"sourceH":187},
"completescene_text8_png":{"x":1564,"y":398,"w":180,"h":184,"offX":0,"offY":0,"sourceW":180,"sourceH":184},
"completescene_text9_png":{"x":787,"y":1350,"w":162,"h":164,"offX":0,"offY":0,"sourceW":162,"sourceH":164},
"completescene_text10_png":{"x":604,"y":1350,"w":181,"h":181,"offX":0,"offY":0,"sourceW":181,"sourceH":181},
"completescene_text11_png":{"x":0,"y":1910,"w":28,"h":102,"offX":0,"offY":0,"sourceW":28,"sourceH":102},
"completescene_bg_png":{"x":0,"y":0,"w":1562,"h":1348,"offX":0,"offY":0,"sourceW":1562,"sourceH":1348}}}