{"file":"Moudle_big_page_scene10.png","frames":{
"4_1":{"x":388,"y":660,"w":141,"h":270,"offX":45,"offY":2,"sourceW":231,"sourceH":274},
"4_2":{"x":785,"y":700,"w":113,"h":166,"offX":59,"offY":54,"sourceW":231,"sourceH":274},
"4_3":{"x":1011,"y":700,"w":79,"h":104,"offX":76,"offY":85,"sourceW":231,"sourceH":274},
"4_4":{"x":900,"y":700,"w":109,"h":108,"offX":61,"offY":83,"sourceW":231,"sourceH":274},
"4_5":{"x":225,"y":918,"w":149,"h":84,"offX":41,"offY":95,"sourceW":231,"sourceH":274},
"4_6":{"x":111,"y":924,"w":89,"h":92,"offX":71,"offY":91,"sourceW":231,"sourceH":274},
"4_7":{"x":0,"y":924,"w":109,"h":98,"offX":61,"offY":88,"sourceW":231,"sourceH":274},
"4_8":{"x":676,"y":660,"w":107,"h":250,"offX":62,"offY":12,"sourceW":231,"sourceH":274},
"4_9":{"x":531,"y":660,"w":143,"h":264,"offX":44,"offY":5,"sourceW":231,"sourceH":274},
"4_10":{"x":0,"y":660,"w":223,"h":262,"offX":4,"offY":6,"sourceW":231,"sourceH":274},
"4_11":{"x":225,"y":660,"w":161,"h":256,"offX":35,"offY":9,"sourceW":231,"sourceH":274},
"4_12":{"x":0,"y":0,"w":854,"h":658,"offX":0,"offY":0,"sourceW":854,"sourceH":658},
"4_13":{"x":856,"y":0,"w":559,"h":698,"offX":0,"offY":0,"sourceW":559,"sourceH":698},
"4_14":{"x":1417,"y":0,"w":343,"h":790,"offX":0,"offY":71,"sourceW":395,"sourceH":897}}}