{"file":"OneClass_MultiOverviewUp_big_page_scene10.png","frames":{
"OneClass_MultiOverviewUp_OneClass_MultiOverview_10_1":{"x":1,"y":1,"w":179,"h":145,"offX":0,"offY":0,"sourceW":179,"sourceH":145},
"OneClass_MultiOverviewUp_OneClass_MultiOverview_10_2":{"x":1,"y":148,"w":135,"h":149,"offX":0,"offY":0,"sourceW":135,"sourceH":149},
"OneClass_MultiOverviewUp_OneClass_MultiOverview_10_3":{"x":334,"y":1,"w":153,"h":145,"offX":0,"offY":0,"sourceW":153,"sourceH":145},
"OneClass_MultiOverviewUp_OneClass_MultiOverview_10_4":{"x":182,"y":1,"w":150,"h":154,"offX":0,"offY":0,"sourceW":150,"sourceH":154}}}