{"file":"OneClass_MultiOverviewUp_big_page_scene4.png","frames":{
"OneClass_MultiOverviewUp_OneClass_MultiOverview_4_1":{"x":1,"y":1,"w":352,"h":380,"offX":0,"offY":0,"sourceW":352,"sourceH":380},
"OneClass_MultiOverviewUp_OneClass_MultiOverview_4_2":{"x":1,"y":383,"w":276,"h":373,"offX":22,"offY":0,"sourceW":321,"sourceH":373},
"OneClass_MultiOverviewUp_OneClass_MultiOverview_4_3":{"x":1,"y":758,"w":391,"h":207,"offX":0,"offY":46,"sourceW":391,"sourceH":299},
"OneClass_MultiOverviewUp_OneClass_MultiOverview_4_4":{"x":279,"y":383,"w":163,"h":295,"offX":0,"offY":0,"sourceW":163,"sourceH":295}}}