{"file":"Moudle_big_page_scene15.png","frames":{
"page_obj_12_1":{"x":507,"y":142,"w":268,"h":127,"offX":0,"offY":1,"sourceW":268,"sourceH":128},
"page_obj_12_3":{"x":507,"y":0,"w":294,"h":140,"offX":1,"offY":1,"sourceW":295,"sourceH":141},
"page_obj_12_2":{"x":219,"y":235,"w":250,"h":123,"offX":1,"offY":1,"sourceW":251,"sourceH":124},
"page_obj_12_6":{"x":288,"y":0,"w":217,"h":233,"offX":0,"offY":0,"sourceW":217,"sourceH":233},
"page_obj_12_5":{"x":0,"y":234,"w":217,"h":232,"offX":0,"offY":0,"sourceW":217,"sourceH":232},
"page_obj_12_4":{"x":0,"y":0,"w":286,"h":232,"offX":0,"offY":0,"sourceW":286,"sourceH":232}}}