{
	"groups":[
		{
			"keys":"big_loading_json,success_json,success_1_json,success_0_json,failed_1_json,failed_json,failed_0_json,effect_bingo_2_mp3,effect_bingo_3_mp3,effect_bingo_1_mp3,effect_error_1_mp3,effect_error_2_mp3",
			"name":"preload"
		},
		{
			"keys":"big_completescene_json",
			"name":"complete"
		},
		{
			"keys":"dolphinIsland_1_01_png,dolphinIsland_1_02_png,dolphinIsland_1_03_png,dolphinIsland_1_04_png,dolphinIsland_1_05_png,dolphinIsland_1_06_png,dolphinIsland_1_07_jpg,hand_anim_ske_json,hand_anim_tex_json,hand_anim_tex_png",
			"name":"dolphinIsland"
		}
	],
	"resources":[
		{
			"name":"big_loading_json",
			"subkeys":"bg_ball_png,clickbtn_png,dolphin_arm_png,dolphin_png,font_loading_png,loading_haitun_png,update_png",
			"type":"sheet",
			"url":"gamemain/assets/preload/big_loading.json"
		},
		{
			"name":"big_completescene_json",
			"subkeys":"completescene_bg_png,completescene_pen_png,completescene_text10_png,completescene_text11_png,completescene_text1_png,completescene_text2_png,completescene_text3_png,completescene_text4_png,completescene_text5_png,completescene_text6_png,completescene_text7_png,completescene_text8_png,completescene_text9_png",
			"type":"sheet",
			"url":"gamemain/assets/complete/big_completescene.json"
		},
		{
			"name":"dolphinIsland_1_01_png",
			"type":"image",
			"url":"gamemain/assets/dolphinIsland/dolphinIsland_1_01.png"
		},
		{
			"name":"dolphinIsland_1_02_png",
			"type":"image",
			"url":"gamemain/assets/dolphinIsland/dolphinIsland_1_02.png"
		},
		{
			"name":"dolphinIsland_1_03_png",
			"type":"image",
			"url":"gamemain/assets/dolphinIsland/dolphinIsland_1_03.png"
		},
		{
			"name":"dolphinIsland_1_04_png",
			"type":"image",
			"url":"gamemain/assets/dolphinIsland/dolphinIsland_1_04.png"
		},
		{
			"name":"dolphinIsland_1_05_png",
			"type":"image",
			"url":"gamemain/assets/dolphinIsland/dolphinIsland_1_05.png"
		},
		{
			"name":"dolphinIsland_1_06_png",
			"type":"image",
			"url":"gamemain/assets/dolphinIsland/dolphinIsland_1_06.png"
		},
		{
			"name":"dolphinIsland_1_07_jpg",
			"type":"image",
			"url":"gamemain/assets/dolphinIsland/dolphinIsland_1_07.jpg"
		},
		{
			"name":"hand_anim_ske_json",
			"type":"json",
			"url":"gamemain/assets/dolphinIsland/hand_anim_ske.json"
		},
		{
			"name":"hand_anim_tex_json",
			"type":"json",
			"url":"gamemain/assets/dolphinIsland/hand_anim_tex.json"
		},
		{
			"name":"hand_anim_tex_png",
			"type":"image",
			"url":"gamemain/assets/dolphinIsland/hand_anim_tex.png"
		},
		{
			"name":"success_json",
			"type":"json",
			"url":"gamemain/assets/animation/success.json"
		},
		{
			"name":"success_1_json",
			"subkeys":"i_-1480958003",
			"type":"sheet",
			"url":"gamemain/assets/animation/success_1.json"
		},
		{
			"name":"success_0_json",
			"subkeys":"i_-1480957999,i_-1480958000,i_-1480958001,i_-1480958002,i_-1480958004",
			"type":"sheet",
			"url":"gamemain/assets/animation/success_0.json"
		},
		{
			"name":"failed_1_json",
			"subkeys":"i_3,i_4",
			"type":"sheet",
			"url":"gamemain/assets/animation/failed_1.json"
		},
		{
			"name":"failed_json",
			"type":"json",
			"url":"gamemain/assets/animation/failed.json"
		},
		{
			"name":"failed_0_json",
			"subkeys":"i_1,i_2,i_5,i_6",
			"type":"sheet",
			"url":"gamemain/assets/animation/failed_0.json"
		},
		{
			"name":"effect_bingo_2_mp3",
			"type":"sound",
			"url":"gamemain/assets/sound/effect_bingo_2.mp3"
		},
		{
			"name":"effect_bingo_3_mp3",
			"type":"sound",
			"url":"gamemain/assets/sound/effect_bingo_3.mp3"
		},
		{
			"name":"effect_bingo_1_mp3",
			"type":"sound",
			"url":"gamemain/assets/sound/effect_bingo_1.mp3"
		},
		{
			"name":"effect_error_1_mp3",
			"type":"sound",
			"url":"gamemain/assets/sound/effect_error_1.mp3"
		},
		{
			"name":"effect_error_2_mp3",
			"type":"sound",
			"url":"gamemain/assets/sound/effect_error_2.mp3"
		}
	]
}